"ID","Description","GeneRatio","BgRatio","pvalue","p.adjust","qvalue","geneID","Count"
"hsa04330","Notch signaling pathway","1/2","48/7868",0.0121648744903594,0.0412624261502881,0.00868682655795538,"10683",1
"hsa04658","Th1 and Th2 cell differentiation","1/2","92/7868",0.0232506110580523,0.0412624261502881,0.00868682655795538,"10683",1
"hsa01522","Endocrine resistance","1/2","98/7868",0.0247574556901728,0.0412624261502881,0.00868682655795538,"10683",1
"hsa05224","Breast cancer","1/2","147/7868",0.0370198138356221,0.0462747672945277,0.00974205627253214,"10683",1
"hsa04740","Olfactory transduction","1/2","448/7868",0.110643722346647,0.110643722346647,0.023293415230873,"26539",1
